{
	"format_version": "1.8.0",
	"animations": {
		"animation.model.new": {
			"loop": "hold_on_last_frame",
			"animation_length": 2.66667,
			"bones": {
				"stone": {
					"rotation": {
						"0.0": {
							"vector": [0, 0, -2.5]
						},
						"0.1667": {
							"vector": [0, 0, -2.5]
						},
						"0.25": {
							"vector": [0, 0, 0]
						},
						"0.3333": {
							"vector": [0, 0, 2.5]
						},
						"0.4167": {
							"vector": [-2.5, 0, 2.5]
						},
						"0.5": {
							"vector": [2.00238, -0.10901, 0.00238],
							"easing": "step",
							"easingArgs": [11]
						},
						"0.6667": {
							"vector": [7.50238, -0.10901, 0.00238]
						},
						"0.7083": {
							"vector": [2.50238, -0.10901, 0.00238]
						},
						"0.7917": {
							"vector": [-4.00717, -0.21891, 2.49764]
						},
						"1.0": {
							"vector": [6.99283, -0.21891, 2.49764]
						},
						"1.125": {
							"vector": [-0.01, -0.22, 2.5]
						},
						"1.1667": {
							"vector": [-6.53291, -7.71276, 2.83051]
						},
						"1.375": {
							"vector": [-0.51281, -2.7176, 2.60957]
						},
						"1.5": {
							"vector": [5.99, -2.72, 2.61]
						},
						"1.6667": {
							"vector": [-0.51, -2.72, 2.61]
						},
						"1.8333": {
							"vector": [-7.79854, -1.71963, 10.04867]
						},
						"1.9167": {
							"vector": [-2.8, -1.72, 10.05]
						},
						"2.0417": {
							"vector": [4.7, -1.72, 10.05]
						},
						"2.25": {
							"vector": [-7.56394, -2.31817, 17.53079]
						},
						"2.4583": {
							"vector": [2.70415, -1.7213, 10.04924]
						},
						"2.5833": {
							"vector": [-8.16414, -1.30526, 5.06483],
							"easing": "linear"
						}
					},
					"scale": {
						"0.9167": {
							"vector": [0.98, 0.98, 0.98]
						},
						"1.0": {
							"vector": [0.96, 0.96, 0.96]
						},
						"1.0833": {
							"vector": [0.85, 0.85, 0.85],
							"easing": "linear"
						},
						"1.1667": {
							"vector": [0.75, 0.75, 0.75],
							"easing": "linear"
						},
						"1.25": {
							"vector": [0.64, 0.64, 0.64],
							"easing": "linear"
						},
						"1.3333": {
							"vector": [0.53, 0.53, 0.53],
							"easing": "linear"
						},
						"1.4167": {
							"vector": [0.42, 0.42, 0.42],
							"easing": "linear"
						},
						"1.5": {
							"vector": [0.31, 0.31, 0.31],
							"easing": "linear"
						},
						"1.5833": {
							"vector": [0.21, 0.21, 0.21]
						},
						"1.6667": {
							"vector": [0.1, 0.1, 0.1],
							"easing": "linear"
						},
						"1.75": {
							"vector": [0.05, 0.05, 0.05],
							"easing": "linear"
						},
						"1.8333": {
							"vector": [-0.05, -0.05, -0.05],
							"easing": "linear"
						},
						"2.1667": {
							"vector": [-0.07, -0.07, -0.07],
							"easing": "linear"
						}
					}
				},
				"Coin1": {
					"rotation": {
						"1.2917": {
							"vector": [-5, -2.5, -5]
						},
						"1.3333": {
							"vector": [-12.5, -2.5, -5]
						},
						"1.375": {
							"vector": [-17.5, -2.5, -5]
						},
						"1.4167": {
							"vector": [-22.5, -2.5, -5]
						},
						"1.5": {
							"vector": [-27.5, -2.5, -5]
						},
						"1.5417": {
							"vector": [-32.5, -2.5, -5]
						},
						"1.5833": {
							"vector": [-37.5, -2.5, -5]
						},
						"1.625": {
							"vector": [-42.5, -2.5, -5]
						},
						"1.6667": {
							"vector": [-47.5, -2.5, -5]
						},
						"1.7083": {
							"vector": [-52.5, -2.5, -5]
						},
						"1.75": {
							"vector": [-57.5, -2.5, -5]
						},
						"1.7917": {
							"vector": [-62.5, -2.5, -5]
						}
					},
					"position": {
						"1.0833": {
							"vector": [0, -4, 0]
						},
						"1.2083": {
							"vector": [0, -12, 0]
						},
						"1.2917": {
							"vector": [0, -15, 0]
						},
						"1.3333": {
							"vector": [-1, -13, 0]
						},
						"1.375": {
							"vector": [-3, -11, 0]
						},
						"1.4583": {
							"vector": [-5, -10, 0]
						},
						"1.5": {
							"vector": [-5, -10, -3]
						},
						"1.5417": {
							"vector": [-5, -8, -4]
						},
						"1.5833": {
							"vector": [-5, -6, -5]
						},
						"1.625": {
							"vector": [-5, -5, -5]
						},
						"1.6667": {
							"vector": [-5, -4, -7]
						},
						"1.7083": {
							"vector": [-5, -3, -7]
						},
						"1.75": {
							"vector": [-5, -1, -7]
						},
						"1.7917": {
							"vector": [-5, 0, -7]
						}
					}
				},
				"coin3": {
					"rotation": {
						"1.2083": {
							"vector": [0, 0, -7.5]
						},
						"1.25": {
							"vector": [0, 0, -10]
						},
						"1.2917": {
							"vector": [0, 0, -17.5]
						},
						"1.3333": {
							"vector": [0, 0, -37.5]
						}
					},
					"position": {
						"1.1667": {
							"vector": [0, 0, 0]
						},
						"1.2917": {
							"vector": [0, -2, 0]
						},
						"1.3333": {
							"vector": [2, -6, 2]
						}
					}
				},
				"coin4": {
					"position": {
						"1.125": {
							"vector": [0, 0, 0]
						},
						"1.3333": {
							"vector": [0, -7.12, 0]
						},
						"1.4583": {
							"vector": [0, -10, 0]
						},
						"1.5": {
							"vector": [0, -11, 0]
						},
						"1.5417": {
							"vector": [0, -12.5, 0]
						},
						"1.5833": {
							"vector": [0, -16, 0]
						}
					}
				},
				"coin5": {
					"rotation": {
						"1.2083": {
							"vector": [-7.5, 0, -2.5]
						},
						"1.3333": {
							"vector": [-20, 0, -2.5]
						},
						"1.4167": {
							"vector": [-67.5, 0, -2.5]
						},
						"1.4583": {
							"vector": [-75, 0, -2.5]
						},
						"1.5": {
							"vector": [-75, 0, -2.5]
						},
						"1.5417": {
							"vector": [-85, 0, -2.5]
						}
					},
					"position": {
						"1.1667": {
							"vector": [0, 0, 0]
						},
						"1.2083": {
							"vector": [0, -5, 0]
						},
						"1.5": {
							"vector": [0, -4, 0]
						},
						"1.5417": {
							"vector": [0, -3, 0]
						}
					}
				},
				"coin7": {
					"rotation": {
						"0.6667": {
							"vector": [0, 0, 0]
						},
						"1.0": {
							"vector": [0, 0, -17.5]
						},
						"1.0417": {
							"vector": [47.5, 0, -17.5]
						},
						"1.0833": {
							"vector": [95, 0, -17.5]
						}
					},
					"position": {
						"0.6667": {
							"vector": [0, 0, 0]
						},
						"0.9583": {
							"vector": [0, 0, 0]
						},
						"1.0": {
							"vector": [0, -3, 0]
						},
						"1.0417": {
							"vector": [0, -8, 7]
						},
						"1.0833": {
							"vector": [0, -7, 15]
						}
					}
				},
				"coin8": {
					"rotation": {
						"1.0": {
							"vector": [0, 0, 0]
						},
						"1.0417": {
							"vector": [-85, 0, 0]
						},
						"1.0833": {
							"vector": [-85.16955, -1.29256, 14.94548]
						}
					},
					"position": {
						"0.4583": {
							"vector": [0, 0, 0]
						},
						"1.0": {
							"vector": [0, -1, 0]
						},
						"1.0417": {
							"vector": [0, -5, -10]
						},
						"1.0833": {
							"vector": [-1, -8, -12]
						}
					}
				},
				"coin9": {
					"position": {
						"1.0417": {
							"vector": [0, 0, 0]
						},
						"1.0833": {
							"vector": [0, -6, 0]
						},
						"1.1667": {
							"vector": [0, -12, 0]
						},
						"1.2083": {
							"vector": [0, -13, 0]
						}
					}
				},
				"coin10": {
					"rotation": {
						"vector": [5, 0, -7.5]
					},
					"position": {
						"1.0833": {
							"vector": [0, 0, 0]
						},
						"1.1667": {
							"vector": [0, -3, 0]
						},
						"1.25": {
							"vector": [0, -5, 0]
						},
						"1.2917": {
							"vector": [0, -9, 0]
						},
						"1.3333": {
							"vector": [0, -13, 0]
						},
						"1.375": {
							"vector": [1, -15, 2]
						}
					}
				},
				"coin11": {
					"rotation": {
						"1.0833": {
							"vector": [0, 0, -2.5]
						},
						"1.125": {
							"vector": [0, 0, -5]
						},
						"1.1667": {
							"vector": [0, 0, -15]
						},
						"1.2083": {
							"vector": [-4.98107, 0.43523, -10.01893]
						}
					},
					"position": {
						"0.0833": {
							"vector": [0, 0, 0]
						},