{
	"format_version": "1.8.0",
	"animations": {
		"animation.heart_particles.idle": {
			"loop": true,
			"animation_length": 8.32,
			"override_previous_animation": true,
			"bones": {
				"hearts": {
					"rotation": {
						"0.0": {
							"vector": [0, 0, 0]
						},
						"8.3333": {
							"vector": [0, -360, 0]
						}
					}
				},
				"heart_1": {
					"rotation": {
						"0.0": {
							"vector": [0, 0, 0]
						},
						"4.1667": {
							"vector": [0, 0, 0]
						},
						"8.3333": {
							"vector": [0, 0, 0]
						}
					},
					"position": {
						"0.0": {
							"vector": [0, 0, 0]
						},
						"2.5": {
							"vector": [0, -0.5997, 0]
						},
						"4.1667": {
							"vector": [0, 2.72397, 0]
						},
						"6.625": {
							"vector": [0, 7.75, 0]
						},
						"6.6667": {
							"vector": [0, -0.35997, 0]
						},
						"8.3333": {
							"vector": [0, 0, 0]
						}
					},
					"scale": {
						"2.125": {
							"vector": [1, 1, 1]
						},
						"2.2917": {
							"vector": [1.1, 1.1, 1.1]
						},
						"2.4167": {
							"vector": [0.088, 0.088, 0.088]
						},
						"2.5": {
							"vector": [0, 0, 0]
						},
						"2.5417": {
							"vector": [0, 0, 0]
						},
						"2.6667": {
							"vector": [0.6667, 0.6667, 0.6667]
						},
						"2.7083": {
							"vector": [1, 1, 1]
						},
						"6.2917": {
							"vector": [1, 1, 1]
						},
						"6.4167": {
							"vector": [1.1, 1.1, 1.1]
						},
						"6.5": {
							"vector": [1.1, 1.1, 1.1]
						},
						"6.5833": {
							"vector": [0, 0, 0]
						},
						"6.6667": {
							"vector": [0, 0, 0]
						},
						"6.875": {
							"vector": [0, 0, 0]
						},
						"7.0833": {
							"vector": [0.6667, 0.6667, 0.6667]
						},
						"7.25": {
							"vector": [1, 1, 1]
						}
					}
				},
				"heart_11": {
					"rotation": {
						"0.0": {
							"vector": [0, 0, 0]
						},
						"4.1667": {
							"vector": [0, 0, 0]
						},
						"8.3333": {
							"vector": [0, 0, 0]
						}
					},
					"position": {
						"0.0": {
							"vector": [0, 0, 0]
						},
						"3.2917": {
							"vector": [0, 7.75, 0]
						},
						"3.3333": {
							"vector": [0, -3.5997, 0]
						},
						"4.1667": {
							"vector": [0, 0, 0]
						},
						"7.4583": {
							"vector": [0, 7.75, 0]
						},
						"7.5": {
							"vector": [0, -3.5997, 0]
						},
						"8.3333": {
							"vector": [0, 0, 0]
						}
					},
					"scale": {
						"2.9583": {
							"vector": [1, 1, 1]
						},
						"3.125": {
							"vector": [1.1, 1.1, 1.1]
						},
						"3.2083": {
							"vector": [0.088, 0.088, 0.088]
						},
						"3.2917": {
							"vector": [0, 0, 0]
						},
						"3.375": {
							"vector": [0.6667, 0.6667, 0.6667]
						},
						"3.4167": {
							"vector": [1, 1, 1]
						},
						"7.0417": {
							"vector": [1, 1, 1]
						},
						"7.2083": {
							"vector": [1.1, 1.1, 1.1]
						},
						"7.375": {
							"vector": [0.088, 0.088, 0.088]
						},
						"7.4583": {
							"vector": [0, 0, 0]
						},
						"7.5": {
							"vector": [0.6667, 0.6667, 0.6667]
						},
						"7.5417": {
							"vector": [1, 1, 1]
						}
					}
				},
				"heart_14": {
					"rotation": {
						"0.0": {
							"vector": [0, 0, 0]
						},
						"4.4167": {
							"vector": [0, 0, 0]
						},
						"8.3333": {
							"vector": [0, 0, 0]
						}
					},
					"position": {
						"0.0": {
							"vector": [1.55, 0, 1.55]
						},
						"4.0833": {
							"vector": [1.55, 9.9, 1.55]
						},
						"4.125": {
							"vector": [1.55, -1.384, 1.55]
						},
						"4.4167": {
							"vector": [1.55, 0, 1.55]
						},
						"8.0": {
							"vector": [1.55, 9.9, 1.55]
						},
						"8.0417": {
							"vector": [1.55, -1.384, 1.55]
						},
						"8.3333": {
							"vector": [1.55, 0, 1.55]
						}
					},
					"scale": {
						"3.75": {
							"vector": [1, 1, 1]
						},
						"3.9167": {
							"vector": [1.1, 1.1, 1.1]
						},
						"4.0833": {
							"vector": [0.088, 0.088, 0.088]
						},
						"4.1667": {
							"vector": [0, 0, 0]
						},
						"4.25": {
							"vector": [0, 0, 0]
						},
						"4.4167": {
							"vector": [0.6667, 0.6667, 0.6667]
						},
						"4.4583": {
							"vector": [1, 1, 1]
						},
						"7.625": {
							"vector": [1, 1, 1]
						},
						"7.7917": {
							"vector": [1.1, 1.1, 1.1]
						},
						"7.9167": {
							"vector": [0.088, 0.088, 0.088]
						},
						"8.0": {
							"vector": [0, 0, 0]
						},
						"8.0833": {
							"vector": [0.6667, 0.6667, 0.6667]
						},
						"8.125": {
							"vector": [1, 1, 1]
						}
					}
				},
				"heart_12": {
					"rotation": {
						"0.0": {
							"vector": [0, 0, 0]
						},
						"4.1667": {
							"vector": [0, 0, 0]
						},
						"8.3333": {
							"vector": [0, 0, 0]
						}
					},
					"position": {
						"0.0": {
							"vector": [0, 0, 0]
						},
						"0.6667": {
							"vector": [0, 7.75, 0]
						},
						"0.7083": {
							"vector": [0, -15.384, 0]
						},
						"4.1667": {
							"vector": [0, 0, 0]
						},
						"4.8333": {
							"vector": [0, 7.75, 0]
						},
						"4.875": {
							"vector": [0, -15.384, 0]
						},
						"8.3333": {
							"vector": [0, 0, 0]
						}
					},
					"scale": {
						"0.375": {
							"vector": [1, 1, 1]
						},
						"0.5": {
							"vector": [1.1, 1.1, 1.1]
						},
						"0.5833": {
							"vector": [0.088, 0.088, 0.088]
						},
						"0.6667": {
							"vector": [0, 0, 0]
						},
						"0.75": {
							"vector": [0.6667, 0.6667, 0.6667]
						},
						"0.7917": {
							"vector": [1, 1, 1]
						},
						"4.5": {
							"vector": [1, 1, 1]
						},
						"4.625": {
							"vector": [1.1, 1.1, 1.1]
						},
						"4.75": {
							"vector": [0.088, 0.088, 0.088]
						},
						"4.8333": {
							"vector": [0, 0, 0]
						},
						"4.9167": {
							"vector": [0.6667, 0.6667, 0.6667]
						},
						"4.9583": {
							"vector": [1, 1, 1]
						}
					}
				},
				"heart_13": {
					"rotation": {
						"0.0": {
							"vector": [0, 0, 0]
						},
						"4.1667": {
							"vector": [0, 0, 0]
						},
						"8.3333": {
							"vector": [0, 0, 0]
						}
					},
					"position": {
						"0.0": {
							"vector": [0, 0, 0]
						},
						"3.4583": {
							"vector": [0, 18, 0]
						},
						"3.5": {
							"vector": [0, -3.384, 0]
						},
						"4.1667": {
							"vector": [0, 0, 0]
						},
						"7.5833": {
							"vector": [0, 18, 0]
						},
						"7.625": {
							"vector": [0, -3.384, 0]
						},
						"8.3333": {
							"vector": [0, 0, 0]
						}
					},
					"scale": {
						"3.0417": {
							"vector": [1, 1, 1]
						},
						"3.2083": {
							"vector": [1.1, 1.1, 1.1]
						},
						"3.375": {
							"vector": [0.088, 0.088, 0.088]
						},
						"3.4583": {
							"vector": [0, 0, 0]
						},
						"3.5": {
							"vector": [0.6667, 0.6667, 0.6667]
						},
						"3.5417": {
							"vector": [1, 1, 1]
						},
						"7.2083": {
							"vector": [1, 1, 1]
						},
						"7.375": {
							"vector": [1.1, 1.1, 1.1]
						},
						"7.5": {
							"vector": [0.088, 0.088, 0.088]
						},
						"7.5833": {
							"vector": [0, 0, 0]
						},
						"7.6667": {
							"vector": [0.6667, 0.6667, 0.6667]
						},
						"7.7083": {
							"vector": [1, 1, 1]
						}
					}
				},
				"heart_5": {
					"rotation": {
						"0.0": {
							"vector": [0, 0, 0]
						},
						"4.1667": {
							"vector": [0, 0, 0]
						},
						"8.3333": {
							"vector": [0, 0, 0]
						}
					},
					"position": {
						"0.0": {
							"vector": [0, 0, 0]
						},
						"1.9167": {
							"vector": [0, 13.8456, 0]
						},
						"1.9583": {
							"vector": [0, -7.75, 0]
						},
						"4.1667": {
							"vector": [0, 0, 0]
						},
						"6.0833": {
							"vector": [0, 13.8456, 0]
						},
						"6.125": {
							"vector": [0, -7.75, 0]
						},
						"8.3333": {
							"vector": [0, 0, 0]
						}
					},
					"scale": {
						"1.5833": {
							"vector": [1, 1, 1]
						},